{"cameraMode":{"drawMode":0,"name":"Shaded","section":"Shading Mode"},"sceneLighting":true,"audioPlay":false,"sceneViewState":{"showFog":true,"showMaterialUpdate":false,"showSkybox":true,"showFlares":true,"showImageEffects":true,"showParticleSystems":true},"in2DMode":false,"pivot":{"x":0.9386998414993286,"y":0.5322948098182678,"z":-3.1234567165374758},"rotation":{"x":-0.07587447017431259,"y":0.5470356345176697,"z":-0.04972648248076439,"w":-0.8326500654220581},"size":0.5341517925262451,"orthographic":false}