{"cameraMode":{"drawMode":0,"name":"Shaded","section":"Shading Mode"},"sceneLighting":false,"audioPlay":false,"sceneViewState":{"showFog":true,"showMaterialUpdate":false,"showSkybox":false,"showFlares":true,"showImageEffects":true,"showParticleSystems":true},"in2DMode":false,"pivot":{"x":-0.041999995708465579,"y":0.621999979019165,"z":-2.6480000019073488},"rotation":{"x":-0.007107584271579981,"y":0.5404976010322571,"z":-0.004310393240302801,"w":-0.8417888283729553},"size":3.4294607639312746,"orthographic":false}