{"cameraMode":{"drawMode":0,"name":"Shaded","section":"Shading Mode"},"sceneLighting":true,"audioPlay":false,"sceneViewState":{"showFog":true,"showMaterialUpdate":false,"showSkybox":true,"showFlares":true,"showImageEffects":true,"showParticleSystems":true},"in2DMode":false,"pivot":{"x":-2.161330461502075,"y":1.3342257738113404,"z":-10.08497142791748},"rotation":{"x":0.010265412740409375,"y":0.9882562756538391,"z":0.07897034287452698,"w":-0.13287976384162904},"size":7.928379535675049,"orthographic":false}