{"cameraMode":{"drawMode":0,"name":"Shaded","section":"Shading Mode"},"sceneLighting":true,"audioPlay":false,"sceneViewState":{"showFog":true,"showMaterialUpdate":false,"showSkybox":true,"showFlares":true,"showImageEffects":true,"showParticleSystems":true},"in2DMode":false,"pivot":{"x":0.8038436770439148,"y":0.7677330374717712,"z":-2.4750630855560304},"rotation":{"x":0.1989135444164276,"y":0.10072778165340424,"z":-0.02054511196911335,"w":0.9747158885002136},"size":0.5192352533340454,"orthographic":false}