{"cameraMode":{"drawMode":0,"name":"Shaded","section":"Shading Mode"},"sceneLighting":true,"audioPlay":false,"sceneViewState":{"showFog":true,"showMaterialUpdate":false,"showSkybox":true,"showFlares":true,"showImageEffects":true,"showParticleSystems":true},"in2DMode":false,"pivot":{"x":-18.993202209472658,"y":-6.8092780113220219,"z":-5.786998271942139},"rotation":{"x":-0.11185817420482636,"y":0.7543851733207703,"z":-0.1332600861787796,"w":-0.6335582137107849},"size":22.0,"orthographic":false}