{"cameraMode":{"drawMode":0,"name":"Shaded","section":"Shading Mode"},"sceneLighting":true,"audioPlay":false,"sceneViewState":{"showFog":true,"showMaterialUpdate":false,"showSkybox":true,"showFlares":true,"showImageEffects":true,"showParticleSystems":true},"in2DMode":false,"pivot":{"x":-19.153606414794923,"y":-3.8504819869995119,"z":5.171199321746826},"rotation":{"x":-0.08217916637659073,"y":0.5569814443588257,"z":-0.05553567782044411,"w":-0.8250839710235596},"size":22.0,"orthographic":false}