{"cameraMode":{"drawMode":0,"name":"Shaded","section":"Shading Mode"},"sceneLighting":false,"audioPlay":false,"sceneViewState":{"showFog":true,"showMaterialUpdate":false,"showSkybox":false,"showFlares":true,"showImageEffects":true,"showParticleSystems":true},"in2DMode":false,"pivot":{"x":0.2428174614906311,"y":1.3778564929962159,"z":-0.38058191537857058},"rotation":{"x":0.004597893916070461,"y":0.9954147934913635,"z":-0.0616130493581295,"w":0.07630959153175354},"size":0.6118822693824768,"orthographic":false}