{"cameraMode":{"drawMode":0,"name":"Shaded","section":"Shading Mode"},"sceneLighting":false,"audioPlay":false,"sceneViewState":{"showFog":true,"showMaterialUpdate":false,"showSkybox":false,"showFlares":true,"showImageEffects":true,"showParticleSystems":true},"in2DMode":false,"pivot":{"x":-2.065673828125,"y":-0.7243194580078125,"z":0.009952247142791748},"rotation":{"x":-0.13866282999515534,"y":0.6321132183074951,"z":-0.1161038875579834,"w":-0.7537968158721924},"size":0.8867703676223755,"orthographic":false}