{"cameraMode":{"drawMode":0,"name":"Shaded","section":"Shading Mode"},"sceneLighting":true,"audioPlay":false,"sceneViewState":{"showFog":true,"showMaterialUpdate":false,"showSkybox":true,"showFlares":true,"showImageEffects":true,"showParticleSystems":true},"in2DMode":false,"pivot":{"x":-17.41278648376465,"y":-8.298903465270996,"z":2.94191312789917},"rotation":{"x":-0.1748027205467224,"y":0.5909025073051453,"z":-0.13291217386722566,"w":-0.7768076658248901},"size":27.41600227355957,"orthographic":false}