{"cameraMode":{"drawMode":0,"name":"Shaded","section":"Shading Mode"},"sceneLighting":true,"audioPlay":false,"sceneViewState":{"showFog":true,"showMaterialUpdate":false,"showSkybox":true,"showFlares":true,"showImageEffects":true,"showParticleSystems":true},"in2DMode":false,"pivot":{"x":-1.0295875072479249,"y":-0.08142364025115967,"z":-3.0158729553222658},"rotation":{"x":0.13723014295101167,"y":-0.7957566976547241,"z":0.19627338647842408,"w":0.5564918518066406},"size":2.019235134124756,"orthographic":false}