{"cameraMode":{"drawMode":0,"name":"Shaded","section":"Shading Mode"},"sceneLighting":true,"audioPlay":false,"sceneViewState":{"showFog":true,"showMaterialUpdate":false,"showSkybox":true,"showFlares":true,"showImageEffects":true,"showParticleSystems":true},"in2DMode":false,"pivot":{"x":-3.201589584350586,"y":-0.11221463233232498,"z":-3.079741954803467},"rotation":{"x":-0.08411909639835358,"y":0.7800036668777466,"z":-0.10738198459148407,"w":-0.6110387444496155},"size":3.7416584491729738,"orthographic":false}